model,set_id,category,title,id,tokenization_type,token_count,char_count,info_density,entropy,normalized_entropy,performance
Qwen/Qwen2.5-7B-Instruct,1,Rare Character Sequences,Icelandic Volcano,1_Q1,original,47,217,4.617021276595745,5.036194639409548,0.9667414766849565,1.0
Qwen/Qwen2.5-7B-Instruct,1,Rare Character Sequences,Icelandic Volcano,1_Q2,split_components,46,219,4.760869565217392,5.0373765652613525,0.9669683576586116,1.0
Qwen/Qwen2.5-7B-Instruct,1,Rare Character Sequences,Icelandic Volcano,1_Q3,simplified,47,218,4.638297872340425,5.036194639409548,0.9667414766849565,1.0
meta-llama/Meta-Llama-3.1-8B-Instruct,1,Rare Character Sequences,Icelandic Volcano,1_Q1,original,29,185,6.379310344827586,4.513153408920675,0.984338128874732,1.0
meta-llama/Meta-Llama-3.1-8B-Instruct,1,Rare Character Sequences,Icelandic Volcano,1_Q2,split_components,28,187,6.678571428571429,4.52164063634332,0.9861892296026682,0.0
meta-llama/Meta-Llama-3.1-8B-Instruct,1,Rare Character Sequences,Icelandic Volcano,1_Q3,simplified,29,186,6.413793103448276,4.513153408920675,0.984338128874732,1.0
Qwen/Qwen2.5-0.5B-Instruct,1,Rare Character Sequences,Icelandic Volcano,1_Q1,original,47,217,4.617021276595745,5.036194639409548,0.9667414766849565,1.0
Qwen/Qwen2.5-0.5B-Instruct,1,Rare Character Sequences,Icelandic Volcano,1_Q2,split_components,46,219,4.760869565217392,5.0373765652613525,0.9669683576586116,1.0
Qwen/Qwen2.5-0.5B-Instruct,1,Rare Character Sequences,Icelandic Volcano,1_Q3,simplified,47,218,4.638297872340425,5.036194639409548,0.9667414766849565,1.0
Qwen/Qwen2.5-7B-Instruct,10,Compound Words,Webpage,10_Q1,single_word,40,207,5.175,4.712814895472356,0.9604483335516277,1.0
Qwen/Qwen2.5-7B-Instruct,10,Compound Words,Webpage,10_Q2,two_words,41,208,5.073170731707317,4.763295224701003,0.9614667902267756,1.0
Qwen/Qwen2.5-7B-Instruct,10,Compound Words,Webpage,10_Q3,hyphenated,41,208,5.073170731707317,4.763295224701003,0.9614667902267756,1.0
meta-llama/Meta-Llama-3.1-8B-Instruct,10,Compound Words,Webpage,10_Q1,single_word,22,175,7.954545454545454,4.095795255000932,0.9822227626598226,1.0
meta-llama/Meta-Llama-3.1-8B-Instruct,10,Compound Words,Webpage,10_Q2,two_words,23,176,7.6521739130434785,4.1757358691004915,0.9830054434510415,1.0
meta-llama/Meta-Llama-3.1-8B-Instruct,10,Compound Words,Webpage,10_Q3,hyphenated,23,176,7.6521739130434785,4.1757358691004915,0.9830054434510415,1.0
Qwen/Qwen2.5-0.5B-Instruct,10,Compound Words,Webpage,10_Q1,single_word,40,207,5.175,4.712814895472356,0.9604483335516277,1.0
Qwen/Qwen2.5-0.5B-Instruct,10,Compound Words,Webpage,10_Q2,two_words,41,208,5.073170731707317,4.763295224701003,0.9614667902267756,1.0
Qwen/Qwen2.5-0.5B-Instruct,10,Compound Words,Webpage,10_Q3,hyphenated,41,208,5.073170731707317,4.763295224701003,0.9614667902267756,1.0
Qwen/Qwen2.5-7B-Instruct,11,Technical Terminology,TensorFlow,11_Q1,standard_capitalization,34,183,5.382352941176471,4.429682606644448,0.9538802291936035,1.0
Qwen/Qwen2.5-7B-Instruct,11,Technical Terminology,TensorFlow,11_Q2,alternative_capitalization,35,183,5.228571428571429,4.490296503327814,0.9552928603674583,1.0
Qwen/Qwen2.5-7B-Instruct,11,Technical Terminology,TensorFlow,11_Q3,split_words,35,184,5.257142857142857,4.490296503327814,0.9552928603674583,1.0
meta-llama/Meta-Llama-3.1-8B-Instruct,11,Technical Terminology,TensorFlow,11_Q1,standard_capitalization,16,151,9.4375,3.5,0.9763003097789544,1.0
meta-llama/Meta-Llama-3.1-8B-Instruct,11,Technical Terminology,TensorFlow,11_Q2,alternative_capitalization,17,151,8.882352941176471,3.6168746059562227,0.977417518308649,1.0
meta-llama/Meta-Llama-3.1-8B-Instruct,11,Technical Terminology,TensorFlow,11_Q3,split_words,17,152,8.941176470588236,3.6168746059562227,0.977417518308649,1.0
Qwen/Qwen2.5-0.5B-Instruct,11,Technical Terminology,TensorFlow,11_Q1,standard_capitalization,34,183,5.382352941176471,4.429682606644448,0.9538802291936035,1.0
Qwen/Qwen2.5-0.5B-Instruct,11,Technical Terminology,TensorFlow,11_Q2,alternative_capitalization,35,183,5.228571428571429,4.490296503327814,0.9552928603674583,1.0
Qwen/Qwen2.5-0.5B-Instruct,11,Technical Terminology,TensorFlow,11_Q3,split_words,35,184,5.257142857142857,4.490296503327814,0.9552928603674583,1.0
Qwen/Qwen2.5-7B-Instruct,12,Technical Terminology,JavaScript,12_Q1,standard_capitalization,38,200,5.2631578947368425,4.659387303533053,0.9591201176386438,1.0
Qwen/Qwen2.5-7B-Instruct,12,Technical Terminology,JavaScript,12_Q2,alternative_capitalization,38,200,5.2631578947368425,4.659387303533053,0.9591201176386438,1.0
Qwen/Qwen2.5-7B-Instruct,12,Technical Terminology,JavaScript,12_Q3,split_words,39,201,5.153846153846154,4.711952783564804,0.960272639414831,1.0
meta-llama/Meta-Llama-3.1-8B-Instruct,12,Technical Terminology,JavaScript,12_Q1,standard_capitalization,20,168,8.4,3.9219280948873623,0.9804820237218406,1.0
meta-llama/Meta-Llama-3.1-8B-Instruct,12,Technical Terminology,JavaScript,12_Q2,alternative_capitalization,20,168,8.4,3.9219280948873623,0.9804820237218406,1.0
meta-llama/Meta-Llama-3.1-8B-Instruct,12,Technical Terminology,JavaScript,12_Q3,split_words,21,169,8.047619047619047,4.011365041826378,0.981382632116924,1.0
Qwen/Qwen2.5-0.5B-Instruct,12,Technical Terminology,JavaScript,12_Q1,standard_capitalization,38,200,5.2631578947368425,4.659387303533053,0.9591201176386438,1.0
Qwen/Qwen2.5-0.5B-Instruct,12,Technical Terminology,JavaScript,12_Q2,alternative_capitalization,38,200,5.2631578947368425,4.659387303533053,0.9591201176386438,0.0
Qwen/Qwen2.5-0.5B-Instruct,12,Technical Terminology,JavaScript,12_Q3,split_words,39,201,5.153846153846154,4.711952783564804,0.960272639414831,1.0
Qwen/Qwen2.5-7B-Instruct,13,Multi-linguality,Afyonkarahisar,13_Q1,turkish_agglutinative_complete,63,241,3.8253968253968256,5.54681301113859,0.9730500251561996,0.0
Qwen/Qwen2.5-7B-Instruct,13,Multi-linguality,Afyonkarahisar,13_Q2,turkish_morpheme_split,65,251,3.8615384615384616,5.635915267201323,0.9748425191424968,1.0
Qwen/Qwen2.5-7B-Instruct,13,Multi-linguality,Afyonkarahisar,13_Q3,turkish_no_diacritics,62,241,3.8870967741935485,5.5490444478261685,0.9734414750789973,1.0
Qwen/Qwen2.5-7B-Instruct,13,Multi-linguality,Afyonkarahisar,13_Q4,turkish_no_diacritics,61,241,3.9508196721311477,5.518943641189708,0.9729424908167335,1.0
Qwen/Qwen2.5-7B-Instruct,13,Multi-linguality,Afyonkarahisar,13_Q5,english_with_turkish_word,62,254,4.096774193548387,5.496703923667515,0.9739269993495204,1.0
Qwen/Qwen2.5-7B-Instruct,13,Multi-linguality,Afyonkarahisar,13_Q6,english_with_turkish_word_no_diacritics,61,254,4.163934426229508,5.498531960897306,0.9742508979692448,1.0
meta-llama/Meta-Llama-3.1-8B-Instruct,13,Multi-linguality,Afyonkarahisar,13_Q1,turkish_agglutinative_complete,39,209,5.358974358974359,5.0289919624519905,0.9885068686253091,1.0
meta-llama/Meta-Llama-3.1-8B-Instruct,13,Multi-linguality,Afyonkarahisar,13_Q2,turkish_morpheme_split,41,219,5.341463414634147,5.16243005339857,0.9909734651737874,1.0
meta-llama/Meta-Llama-3.1-8B-Instruct,13,Multi-linguality,Afyonkarahisar,13_Q3,turkish_no_diacritics,37,209,5.648648648648648,4.993237149412737,0.9898586492777407,1.0
meta-llama/Meta-Llama-3.1-8B-Instruct,13,Multi-linguality,Afyonkarahisar,13_Q4,turkish_no_diacritics,37,209,5.648648648648648,4.993237149412737,0.9898586492777407,1.0
meta-llama/Meta-Llama-3.1-8B-Instruct,13,Multi-linguality,Afyonkarahisar,13_Q5,english_with_turkish_word,44,222,5.045454545454546,5.141249800455478,0.9869077309294163,1.0
meta-llama/Meta-Llama-3.1-8B-Instruct,13,Multi-linguality,Afyonkarahisar,13_Q6,english_with_turkish_word_no_diacritics,42,222,5.285714285714286,5.106603137064477,0.9877518795030548,1.0
Qwen/Qwen2.5-0.5B-Instruct,13,Multi-linguality,Afyonkarahisar,13_Q1,turkish_agglutinative_complete,63,241,3.8253968253968256,5.54681301113859,0.9730500251561996,1.0
Qwen/Qwen2.5-0.5B-Instruct,13,Multi-linguality,Afyonkarahisar,13_Q2,turkish_morpheme_split,65,251,3.8615384615384616,5.635915267201323,0.9748425191424968,0.0
Qwen/Qwen2.5-0.5B-Instruct,13,Multi-linguality,Afyonkarahisar,13_Q3,turkish_no_diacritics,62,241,3.8870967741935485,5.5490444478261685,0.9734414750789973,1.0
Qwen/Qwen2.5-0.5B-Instruct,13,Multi-linguality,Afyonkarahisar,13_Q4,turkish_no_diacritics,61,241,3.9508196721311477,5.518943641189708,0.9729424908167335,1.0
Qwen/Qwen2.5-0.5B-Instruct,13,Multi-linguality,Afyonkarahisar,13_Q5,english_with_turkish_word,62,254,4.096774193548387,5.496703923667515,0.9739269993495204,1.0
Qwen/Qwen2.5-0.5B-Instruct,13,Multi-linguality,Afyonkarahisar,13_Q6,english_with_turkish_word_no_diacritics,61,254,4.163934426229508,5.498531960897306,0.9742508979692448,1.0
Qwen/Qwen2.5-7B-Instruct,14,Multi-linguality,Oeufs,14_Q1,basic_question,42,192,4.571428571428571,4.859828661431136,0.9634117688744768,1.0
Qwen/Qwen2.5-7B-Instruct,14,Multi-linguality,Oeufs,14_Q2,basic_question,44,193,4.386363636363637,4.951146891896381,0.9652707552965787,1.0
Qwen/Qwen2.5-7B-Instruct,14,Multi-linguality,Oeufs,14_Q3,french_sentence_standard,53,216,4.0754716981132075,5.230476530476398,0.969986764573855,1.0
Qwen/Qwen2.5-7B-Instruct,14,Multi-linguality,Oeufs,14_Q4,french_sentence_ligature,53,214,4.037735849056604,5.230476530476398,0.969986764573855,1.0
meta-llama/Meta-Llama-3.1-8B-Instruct,14,Multi-linguality,Oeufs,14_Q1,basic_question,24,160,6.666666666666667,4.251629167387823,0.9837343597681091,1.0
meta-llama/Meta-Llama-3.1-8B-Instruct,14,Multi-linguality,Oeufs,14_Q2,basic_question,26,161,6.1923076923076925,4.3927474104487825,0.9850464781408865,1.0
meta-llama/Meta-Llama-3.1-8B-Instruct,14,Multi-linguality,Oeufs,14_Q3,french_sentence_standard,35,184,5.257142857142857,4.786425874087821,0.9852706049876443,1.0
meta-llama/Meta-Llama-3.1-8B-Instruct,14,Multi-linguality,Oeufs,14_Q4,french_sentence_ligature,35,182,5.2,4.786425874087821,0.9852706049876443,1.0
Qwen/Qwen2.5-0.5B-Instruct,14,Multi-linguality,Oeufs,14_Q1,basic_question,42,192,4.571428571428571,4.859828661431136,0.9634117688744768,1.0
Qwen/Qwen2.5-0.5B-Instruct,14,Multi-linguality,Oeufs,14_Q2,basic_question,44,193,4.386363636363637,4.951146891896381,0.9652707552965787,1.0
Qwen/Qwen2.5-0.5B-Instruct,14,Multi-linguality,Oeufs,14_Q3,french_sentence_standard,53,216,4.0754716981132075,5.230476530476398,0.969986764573855,1.0
Qwen/Qwen2.5-0.5B-Instruct,14,Multi-linguality,Oeufs,14_Q4,french_sentence_ligature,53,214,4.037735849056604,5.230476530476398,0.969986764573855,1.0
Qwen/Qwen2.5-7B-Instruct,15,Multi-linguality,Gul,15_Q1,english_no_diacritics,48,220,4.583333333333333,4.936641344913581,0.9624427680447776,1.0
Qwen/Qwen2.5-7B-Instruct,15,Multi-linguality,Gul,15_Q2,english_with_diacritics,48,220,4.583333333333333,4.936641344913581,0.9624427680447776,1.0
Qwen/Qwen2.5-7B-Instruct,15,Multi-linguality,Gul,15_Q3,turkish_with_diacritics,53,227,4.283018867924528,5.178497521001616,0.9665790488898425,1.0
Qwen/Qwen2.5-7B-Instruct,15,Multi-linguality,Gul,15_Q4,turkish_no_diacritics,58,227,3.913793103448276,5.321439348941989,0.9689697185269619,1.0
meta-llama/Meta-Llama-3.1-8B-Instruct,15,Multi-linguality,Gul,15_Q1,english_no_diacritics,30,188,6.266666666666667,4.506890595608519,0.9829721824114468,1.0
meta-llama/Meta-Llama-3.1-8B-Instruct,15,Multi-linguality,Gul,15_Q2,english_with_diacritics,30,188,6.266666666666667,4.506890595608519,0.9829721824114468,1.0
meta-llama/Meta-Llama-3.1-8B-Instruct,15,Multi-linguality,Gul,15_Q3,turkish_with_diacritics,34,195,5.735294117647059,4.73452166477975,0.9848496192898776,1.0
meta-llama/Meta-Llama-3.1-8B-Instruct,15,Multi-linguality,Gul,15_Q4,turkish_no_diacritics,38,195,5.131578947368421,4.879506460812008,0.9849239220863587,1.0
Qwen/Qwen2.5-0.5B-Instruct,15,Multi-linguality,Gul,15_Q1,english_no_diacritics,48,220,4.583333333333333,4.936641344913581,0.9624427680447776,1.0
Qwen/Qwen2.5-0.5B-Instruct,15,Multi-linguality,Gul,15_Q2,english_with_diacritics,48,220,4.583333333333333,4.936641344913581,0.9624427680447776,1.0
Qwen/Qwen2.5-0.5B-Instruct,15,Multi-linguality,Gul,15_Q3,turkish_with_diacritics,53,227,4.283018867924528,5.178497521001616,0.9665790488898425,1.0
Qwen/Qwen2.5-0.5B-Instruct,15,Multi-linguality,Gul,15_Q4,turkish_no_diacritics,58,227,3.913793103448276,5.321439348941989,0.9689697185269619,0.0
Qwen/Qwen2.5-7B-Instruct,16,Multi-linguality,German Compound,16_Q1,german_compound_complete,66,266,4.03030303030303,5.633493884831737,0.9744236933835804,1.0
Qwen/Qwen2.5-7B-Instruct,16,Multi-linguality,German Compound,16_Q2,german_compound_split,64,272,4.25,5.576259133144316,0.9735224463010724,1.0
Qwen/Qwen2.5-7B-Instruct,16,Multi-linguality,German Compound,16_Q3,english_with_german_compound,64,276,4.3125,5.576259133144316,0.9735224463010724,1.0
meta-llama/Meta-Llama-3.1-8B-Instruct,16,Multi-linguality,German Compound,16_Q1,german_compound_complete,48,234,4.875,5.376629167387827,0.9908527155312022,0.0
meta-llama/Meta-Llama-3.1-8B-Instruct,16,Multi-linguality,German Compound,16_Q2,german_compound_split,46,240,5.217391304347826,5.306170651709184,0.9904095465868348,1.0
meta-llama/Meta-Llama-3.1-8B-Instruct,16,Multi-linguality,German Compound,16_Q3,english_with_german_compound,46,244,5.304347826086956,5.306170651709184,0.9904095465868348,0.0
Qwen/Qwen2.5-0.5B-Instruct,16,Multi-linguality,German Compound,16_Q1,german_compound_complete,66,266,4.03030303030303,5.633493884831737,0.9744236933835804,0.0
Qwen/Qwen2.5-0.5B-Instruct,16,Multi-linguality,German Compound,16_Q2,german_compound_split,64,272,4.25,5.576259133144316,0.9735224463010724,0.0
Qwen/Qwen2.5-0.5B-Instruct,16,Multi-linguality,German Compound,16_Q3,english_with_german_compound,64,276,4.3125,5.576259133144316,0.9735224463010724,0.0
Qwen/Qwen2.5-7B-Instruct,17,Multi-linguality,Chinese Characters,17_Q1,simplified_chinese,44,175,3.977272727272727,4.951146891896381,0.9652707552965787,1.0
Qwen/Qwen2.5-7B-Instruct,17,Multi-linguality,Chinese Characters,17_Q2,character_split_chinese,78,198,2.5384615384615383,5.660670732282758,0.9663177017800282,1.0
Qwen/Qwen2.5-7B-Instruct,17,Multi-linguality,Chinese Characters,17_Q3,pinyin_no_tones,65,237,3.646153846153846,5.512838344124399,0.97186617923972,0.0
Qwen/Qwen2.5-7B-Instruct,17,Multi-linguality,Chinese Characters,17_Q4,pinyin_with_tones,78,237,3.0384615384615383,5.748552180645238,0.9731942868417104,1.0
meta-llama/Meta-Llama-3.1-8B-Instruct,17,Multi-linguality,Chinese Characters,17_Q1,simplified_chinese,29,143,4.931034482758621,4.582118926162055,0.9867056039012129,1.0
meta-llama/Meta-Llama-3.1-8B-Instruct,17,Multi-linguality,Chinese Characters,17_Q2,character_split_chinese,39,166,4.256410256410256,4.977709911169939,0.9867805316930718,0.0
meta-llama/Meta-Llama-3.1-8B-Instruct,17,Multi-linguality,Chinese Characters,17_Q3,pinyin_no_tones,47,205,4.361702127659575,5.214163319762746,0.9865215746787881,1.0
meta-llama/Meta-Llama-3.1-8B-Instruct,17,Multi-linguality,Chinese Characters,17_Q4,pinyin_with_tones,61,205,3.360655737704918,5.524919509658565,0.9840080187668553,1.0
Qwen/Qwen2.5-0.5B-Instruct,17,Multi-linguality,Chinese Characters,17_Q1,simplified_chinese,44,175,3.977272727272727,4.951146891896381,0.9652707552965787,1.0
Qwen/Qwen2.5-0.5B-Instruct,17,Multi-linguality,Chinese Characters,17_Q2,character_split_chinese,78,198,2.5384615384615383,5.660670732282758,0.9663177017800282,1.0
Qwen/Qwen2.5-0.5B-Instruct,17,Multi-linguality,Chinese Characters,17_Q3,pinyin_no_tones,65,237,3.646153846153846,5.512838344124399,0.97186617923972,0.0
Qwen/Qwen2.5-0.5B-Instruct,17,Multi-linguality,Chinese Characters,17_Q4,pinyin_with_tones,78,237,3.0384615384615383,5.748552180645238,0.9731942868417104,0.0
Qwen/Qwen2.5-7B-Instruct,18,Multi-linguality,Arabic Diacritics,18_Q1,arabic_with_diacritics,96,232,2.4166666666666665,5.018936132507993,0.9138875429610922,1.0
Qwen/Qwen2.5-7B-Instruct,18,Multi-linguality,Arabic Diacritics,18_Q2,arabic_without_diacritics,43,199,4.627906976744186,4.749069045893638,0.9585952490289553,1.0
Qwen/Qwen2.5-7B-Instruct,18,Multi-linguality,Arabic Diacritics,18_Q3,arabic_transliterated,57,226,3.9649122807017543,5.181672198747831,0.9671716101460801,0.0
Qwen/Qwen2.5-7B-Instruct,18,Multi-linguality,Arabic Diacritics,18_Q4,english_translation,44,230,5.2272727272727275,4.797626721392666,0.9595253442785332,1.0
meta-llama/Meta-Llama-3.1-8B-Instruct,18,Multi-linguality,Arabic Diacritics,18_Q1,arabic_with_diacritics,61,200,3.278688524590164,5.059927247747085,0.9712971578038472,0.0
meta-llama/Meta-Llama-3.1-8B-Instruct,18,Multi-linguality,Arabic Diacritics,18_Q2,arabic_without_diacritics,26,167,6.423076923076923,4.238901256602629,0.9807893985133741,1.0
meta-llama/Meta-Llama-3.1-8B-Instruct,18,Multi-linguality,Arabic Diacritics,18_Q3,arabic_transliterated,39,194,4.9743589743589745,4.772581706041735,0.9824208268473076,0.0
meta-llama/Meta-Llama-3.1-8B-Instruct,18,Multi-linguality,Arabic Diacritics,18_Q4,english_translation,26,198,7.615384615384615,4.238901256602629,0.9807893985133741,1.0
Qwen/Qwen2.5-0.5B-Instruct,18,Multi-linguality,Arabic Diacritics,18_Q1,arabic_with_diacritics,96,232,2.4166666666666665,5.018936132507993,0.9138875429610922,1.0
Qwen/Qwen2.5-0.5B-Instruct,18,Multi-linguality,Arabic Diacritics,18_Q2,arabic_without_diacritics,43,199,4.627906976744186,4.749069045893638,0.9585952490289553,1.0
Qwen/Qwen2.5-0.5B-Instruct,18,Multi-linguality,Arabic Diacritics,18_Q3,arabic_transliterated,57,226,3.9649122807017543,5.181672198747831,0.9671716101460801,0.0
Qwen/Qwen2.5-0.5B-Instruct,18,Multi-linguality,Arabic Diacritics,18_Q4,english_translation,44,230,5.2272727272727275,4.797626721392666,0.9595253442785332,1.0
Qwen/Qwen2.5-7B-Instruct,19,Multi-linguality,Russian Case,19_Q1,russian_cyrillic,53,222,4.188679245283019,5.140761671945013,0.9659584985531106,1.0
Qwen/Qwen2.5-7B-Instruct,19,Multi-linguality,Russian Case,19_Q2,russian_transliterated,61,227,3.721311475409836,5.342634010006699,0.9672443348169721,1.0
Qwen/Qwen2.5-7B-Instruct,19,Multi-linguality,Russian Case,19_Q3,russian_unhyphenated,54,222,4.111111111111111,5.17860203033451,0.966598555808824,1.0
Qwen/Qwen2.5-7B-Instruct,19,Multi-linguality,Russian Case,19_Q4,english_with_russian_case,67,289,4.313432835820896,5.560502578802138,0.9707716129982766,1.0
meta-llama/Meta-Llama-3.1-8B-Instruct,19,Multi-linguality,Russian Case,19_Q1,russian_cyrillic,36,190,5.277777777777778,4.725480556997866,0.982968936892079,1.0
meta-llama/Meta-Llama-3.1-8B-Instruct,19,Multi-linguality,Russian Case,19_Q2,russian_transliterated,43,195,4.534883720930233,4.990104580233179,0.9808631013031179,0.0
meta-llama/Meta-Llama-3.1-8B-Instruct,19,Multi-linguality,Russian Case,19_Q3,russian_unhyphenated,37,190,5.135135135135135,4.77702093319652,0.9833346276956925,1.0
meta-llama/Meta-Llama-3.1-8B-Instruct,19,Multi-linguality,Russian Case,19_Q4,english_with_russian_case,49,257,5.244897959183674,5.272773364479219,0.9841758623965222,0.0
Qwen/Qwen2.5-0.5B-Instruct,19,Multi-linguality,Russian Case,19_Q1,russian_cyrillic,53,222,4.188679245283019,5.140761671945013,0.9659584985531106,1.0
Qwen/Qwen2.5-0.5B-Instruct,19,Multi-linguality,Russian Case,19_Q2,russian_transliterated,61,227,3.721311475409836,5.342634010006699,0.9672443348169721,0.0
Qwen/Qwen2.5-0.5B-Instruct,19,Multi-linguality,Russian Case,19_Q3,russian_unhyphenated,54,222,4.111111111111111,5.17860203033451,0.966598555808824,1.0
Qwen/Qwen2.5-0.5B-Instruct,19,Multi-linguality,Russian Case,19_Q4,english_with_russian_case,67,289,4.313432835820896,5.560502578802138,0.9707716129982766,1.0
Qwen/Qwen2.5-7B-Instruct,2,Rare Character Sequences,Welsh Village,2_Q1,original,61,235,3.8524590163934427,5.322222329714298,0.9635489512121919,1.0
Qwen/Qwen2.5-7B-Instruct,2,Rare Character Sequences,Welsh Village,2_Q2,split_shortened,44,198,4.5,4.951146891896381,0.9652707552965787,1.0
Qwen/Qwen2.5-7B-Instruct,2,Rare Character Sequences,Welsh Village,2_Q3,abbreviated,39,188,4.82051282051282,4.711952783564804,0.960272639414831,1.0
meta-llama/Meta-Llama-3.1-8B-Instruct,2,Rare Character Sequences,Welsh Village,2_Q1,original,42,203,4.833333333333333,4.963745994207334,0.9756820146105284,0.0
meta-llama/Meta-Llama-3.1-8B-Instruct,2,Rare Character Sequences,Welsh Village,2_Q2,split_shortened,26,166,6.384615384615385,4.3927474104487825,0.9850464781408865,0.0
meta-llama/Meta-Llama-3.1-8B-Instruct,2,Rare Character Sequences,Welsh Village,2_Q3,abbreviated,21,156,7.428571428571429,4.011365041826378,0.981382632116924,1.0
Qwen/Qwen2.5-0.5B-Instruct,2,Rare Character Sequences,Welsh Village,2_Q1,original,61,235,3.8524590163934427,5.322222329714298,0.9635489512121919,1.0
Qwen/Qwen2.5-0.5B-Instruct,2,Rare Character Sequences,Welsh Village,2_Q2,split_shortened,44,198,4.5,4.951146891896381,0.9652707552965787,1.0
Qwen/Qwen2.5-0.5B-Instruct,2,Rare Character Sequences,Welsh Village,2_Q3,abbreviated,39,188,4.82051282051282,4.711952783564804,0.960272639414831,1.0
Qwen/Qwen2.5-7B-Instruct,20,Multi-linguality,Japanese Scripts,20_Q1,japanese_mixed_scripts,56,189,3.375,5.1222740653326015,0.9691360947048676,1.0
Qwen/Qwen2.5-7B-Instruct,20,Multi-linguality,Japanese Scripts,20_Q2,japanese_hiragana_katakana,59,197,3.3389830508474576,5.2323968124703075,0.9703428789943076,1.0
Qwen/Qwen2.5-7B-Instruct,20,Multi-linguality,Japanese Scripts,20_Q3,japanese_romaji,68,239,3.514705882352941,5.365118495974402,0.9713149845438294,1.0
Qwen/Qwen2.5-7B-Instruct,20,Multi-linguality,Japanese Scripts,20_Q4,japanese_word_split,85,207,2.4352941176470586,5.275058279883462,0.9395068358540849,1.0
meta-llama/Meta-Llama-3.1-8B-Instruct,20,Multi-linguality,Japanese Scripts,20_Q1,japanese_mixed_scripts,37,157,4.243243243243243,4.560804716980304,0.9821158387769864,0.0
meta-llama/Meta-Llama-3.1-8B-Instruct,20,Multi-linguality,Japanese Scripts,20_Q2,japanese_hiragana_katakana,41,165,4.024390243902439,4.820966638764424,0.982489123168755,0.0
meta-llama/Meta-Llama-3.1-8B-Instruct,20,Multi-linguality,Japanese Scripts,20_Q3,japanese_romaji,48,207,4.3125,4.95996250072116,0.983262287474074,0.0
meta-llama/Meta-Llama-3.1-8B-Instruct,20,Multi-linguality,Japanese Scripts,20_Q4,japanese_word_split,51,175,3.4313725490196076,4.817334352276657,0.9723745387676149,1.0
Qwen/Qwen2.5-0.5B-Instruct,20,Multi-linguality,Japanese Scripts,20_Q1,japanese_mixed_scripts,56,189,3.375,5.1222740653326015,0.9691360947048676,1.0
Qwen/Qwen2.5-0.5B-Instruct,20,Multi-linguality,Japanese Scripts,20_Q2,japanese_hiragana_katakana,59,197,3.3389830508474576,5.2323968124703075,0.9703428789943076,1.0
Qwen/Qwen2.5-0.5B-Instruct,20,Multi-linguality,Japanese Scripts,20_Q3,japanese_romaji,68,239,3.514705882352941,5.365118495974402,0.9713149845438294,1.0
Qwen/Qwen2.5-0.5B-Instruct,20,Multi-linguality,Japanese Scripts,20_Q4,japanese_word_split,85,207,2.4352941176470586,5.275058279883462,0.9395068358540849,1.0
Qwen/Qwen2.5-7B-Instruct,21,Multi-linguality,Bengali Script,21_Q1,bengali_standard,108,218,2.0185185185185186,5.186795161874965,0.9287072493692163,1.0
Qwen/Qwen2.5-7B-Instruct,21,Multi-linguality,Bengali Script,21_Q2,bengali_split,113,223,1.9734513274336283,5.140617458505271,0.9155624424462762,1.0
Qwen/Qwen2.5-7B-Instruct,21,Multi-linguality,Bengali Script,21_Q3,bengali_transliterated,63,230,3.6507936507936507,5.090386225389961,0.9631029039235036,0.0
Qwen/Qwen2.5-7B-Instruct,21,Multi-linguality,Bengali Script,21_Q4,english_translation,49,238,4.857142857142857,4.73472177312003,0.9556992651246583,1.0
meta-llama/Meta-Llama-3.1-8B-Instruct,21,Multi-linguality,Bengali Script,21_Q1,bengali_standard,103,186,1.8058252427184467,4.526815510863233,0.8973952874718983,1.0
meta-llama/Meta-Llama-3.1-8B-Instruct,21,Multi-linguality,Bengali Script,21_Q2,bengali_split,105,191,1.819047619047619,4.54948147055995,0.894253503666246,1.0
meta-llama/Meta-Llama-3.1-8B-Instruct,21,Multi-linguality,Bengali Script,21_Q3,bengali_transliterated,45,198,4.4,4.630633374059374,0.9738681245250159,1.0
meta-llama/Meta-Llama-3.1-8B-Instruct,21,Multi-linguality,Bengali Script,21_Q4,english_translation,31,206,6.645161290322581,4.11548663296752,0.9688222362418086,1.0
Qwen/Qwen2.5-0.5B-Instruct,21,Multi-linguality,Bengali Script,21_Q1,bengali_standard,108,218,2.0185185185185186,5.186795161874965,0.9287072493692163,1.0
Qwen/Qwen2.5-0.5B-Instruct,21,Multi-linguality,Bengali Script,21_Q2,bengali_split,113,223,1.9734513274336283,5.140617458505271,0.9155624424462762,1.0
Qwen/Qwen2.5-0.5B-Instruct,21,Multi-linguality,Bengali Script,21_Q3,bengali_transliterated,63,230,3.6507936507936507,5.090386225389961,0.9631029039235036,1.0
Qwen/Qwen2.5-0.5B-Instruct,21,Multi-linguality,Bengali Script,21_Q4,english_translation,49,238,4.857142857142857,4.73472177312003,0.9556992651246583,1.0
Qwen/Qwen2.5-7B-Instruct,22,Multi-linguality,Swahili Noun Classes,22_Q1,swahili_standard,68,240,3.5294117647058822,5.302402870878956,0.9655034062041222,1.0
Qwen/Qwen2.5-7B-Instruct,22,Multi-linguality,Swahili Noun Classes,22_Q2,swahili_morpheme_split,68,246,3.6176470588235294,5.302402870878956,0.9655034062041222,1.0
Qwen/Qwen2.5-7B-Instruct,22,Multi-linguality,Swahili Noun Classes,22_Q3,english_translation,50,247,4.94,4.901467880199449,0.9634405268687567,1.0
Qwen/Qwen2.5-7B-Instruct,22,Multi-linguality,Swahili Noun Classes,22_Q4,swahili_alternative_phrasing,70,245,3.5,5.291723152900815,0.9635587587798714,1.0
meta-llama/Meta-Llama-3.1-8B-Instruct,22,Multi-linguality,Swahili Noun Classes,22_Q1,swahili_standard,48,208,4.333333333333333,4.871115365169276,0.9742230730338551,1.0
meta-llama/Meta-Llama-3.1-8B-Instruct,22,Multi-linguality,Swahili Noun Classes,22_Q2,swahili_morpheme_split,48,214,4.458333333333333,4.871115365169276,0.9742230730338551,1.0
meta-llama/Meta-Llama-3.1-8B-Instruct,22,Multi-linguality,Swahili Noun Classes,22_Q3,english_translation,32,215,6.71875,4.375,0.9810667309518926,1.0
meta-llama/Meta-Llama-3.1-8B-Instruct,22,Multi-linguality,Swahili Noun Classes,22_Q4,swahili_alternative_phrasing,50,213,4.26,4.853660689688187,0.9707321379376375,1.0
Qwen/Qwen2.5-0.5B-Instruct,22,Multi-linguality,Swahili Noun Classes,22_Q1,swahili_standard,68,240,3.5294117647058822,5.302402870878956,0.9655034062041222,1.0
Qwen/Qwen2.5-0.5B-Instruct,22,Multi-linguality,Swahili Noun Classes,22_Q2,swahili_morpheme_split,68,246,3.6176470588235294,5.302402870878956,0.9655034062041222,1.0
Qwen/Qwen2.5-0.5B-Instruct,22,Multi-linguality,Swahili Noun Classes,22_Q3,english_translation,50,247,4.94,4.901467880199449,0.9634405268687567,1.0
Qwen/Qwen2.5-0.5B-Instruct,22,Multi-linguality,Swahili Noun Classes,22_Q4,swahili_alternative_phrasing,70,245,3.5,5.291723152900815,0.9635587587798714,1.0
Qwen/Qwen2.5-7B-Instruct,23,Multi-linguality,Thai Script,23_Q1,thai_standard,52,216,4.153846153846154,5.116506487821856,0.9680448669662931,1.0
Qwen/Qwen2.5-7B-Instruct,23,Multi-linguality,Thai Script,23_Q2,thai_word_split,66,231,3.5,4.871908089278849,0.9154404197905575,1.0
Qwen/Qwen2.5-7B-Instruct,23,Multi-linguality,Thai Script,23_Q3,thai_transliterated,66,250,3.787878787878788,5.228116801465622,0.9634835449072454,1.0
Qwen/Qwen2.5-7B-Instruct,23,Multi-linguality,Thai Script,23_Q4,english_translation,46,226,4.913043478260869,4.716618141301278,0.9612234162144296,1.0
meta-llama/Meta-Llama-3.1-8B-Instruct,23,Multi-linguality,Thai Script,23_Q1,thai_standard,29,184,6.344827586206897,4.306256857196538,0.9804065696308949,1.0
meta-llama/Meta-Llama-3.1-8B-Instruct,23,Multi-linguality,Thai Script,23_Q2,thai_word_split,41,199,4.853658536585366,4.820966638764424,0.982489123168755,1.0
meta-llama/Meta-Llama-3.1-8B-Instruct,23,Multi-linguality,Thai Script,23_Q3,thai_transliterated,48,218,4.541666666666667,4.819235677759419,0.9727583195796057,1.0
meta-llama/Meta-Llama-3.1-8B-Instruct,23,Multi-linguality,Thai Script,23_Q4,english_translation,28,194,6.928571428571429,4.093069207771891,0.9815690225498449,1.0
Qwen/Qwen2.5-0.5B-Instruct,23,Multi-linguality,Thai Script,23_Q1,thai_standard,52,216,4.153846153846154,5.116506487821856,0.9680448669662931,1.0
Qwen/Qwen2.5-0.5B-Instruct,23,Multi-linguality,Thai Script,23_Q2,thai_word_split,66,231,3.5,4.871908089278849,0.9154404197905575,1.0
Qwen/Qwen2.5-0.5B-Instruct,23,Multi-linguality,Thai Script,23_Q3,thai_transliterated,66,250,3.787878787878788,5.228116801465622,0.9634835449072454,0.0
Qwen/Qwen2.5-0.5B-Instruct,23,Multi-linguality,Thai Script,23_Q4,english_translation,46,226,4.913043478260869,4.716618141301278,0.9612234162144296,1.0
Qwen/Qwen2.5-7B-Instruct,24,Multi-linguality,Telugu Script,24_Q1,telugu_standard,116,205,1.7672413793103448,4.82162611993763,0.8729197134559781,1.0
Qwen/Qwen2.5-7B-Instruct,24,Multi-linguality,Telugu Script,24_Q2,telugu_partial_split,116,207,1.7844827586206897,4.8512931838308555,0.8782907157420471,1.0
Qwen/Qwen2.5-7B-Instruct,24,Multi-linguality,Telugu Script,24_Q3,telugu_transliterated,49,211,4.3061224489795915,4.857170752711868,0.9628848654136493,1.0
Qwen/Qwen2.5-7B-Instruct,24,Multi-linguality,Telugu Script,24_Q4,english_translation,49,226,4.612244897959184,4.816354426181254,0.9632708852362508,1.0
meta-llama/Meta-Llama-3.1-8B-Instruct,24,Multi-linguality,Telugu Script,24_Q1,telugu_standard,111,173,1.5585585585585586,4.0316845372824845,0.7992405910177444,1.0
meta-llama/Meta-Llama-3.1-8B-Instruct,24,Multi-linguality,Telugu Script,24_Q2,telugu_partial_split,111,175,1.5765765765765767,4.074338987188108,0.8076964033306507,0.0
meta-llama/Meta-Llama-3.1-8B-Instruct,24,Multi-linguality,Telugu Script,24_Q3,telugu_transliterated,31,179,5.774193548387097,4.309035020064295,0.9810390746619178,1.0
meta-llama/Meta-Llama-3.1-8B-Instruct,24,Multi-linguality,Telugu Script,24_Q4,english_translation,31,194,6.258064516129032,4.244518891032037,0.9820891967298352,1.0
Qwen/Qwen2.5-0.5B-Instruct,24,Multi-linguality,Telugu Script,24_Q1,telugu_standard,116,205,1.7672413793103448,4.82162611993763,0.8729197134559781,1.0
Qwen/Qwen2.5-0.5B-Instruct,24,Multi-linguality,Telugu Script,24_Q2,telugu_partial_split,116,207,1.7844827586206897,4.8512931838308555,0.8782907157420471,1.0
Qwen/Qwen2.5-0.5B-Instruct,24,Multi-linguality,Telugu Script,24_Q3,telugu_transliterated,49,211,4.3061224489795915,4.857170752711868,0.9628848654136493,0.0
Qwen/Qwen2.5-0.5B-Instruct,24,Multi-linguality,Telugu Script,24_Q4,english_translation,49,226,4.612244897959184,4.816354426181254,0.9632708852362508,1.0
Qwen/Qwen2.5-7B-Instruct,25,Number Formatting,Large Integer,25_Q1,no_separators,45,191,4.2444444444444445,4.861530252405224,0.9637490920363522,1.0
Qwen/Qwen2.5-7B-Instruct,25,Number Formatting,Large Integer,25_Q2,comma_separators,46,192,4.173913043478261,4.863463521783092,0.9641323430932925,1.0
Qwen/Qwen2.5-7B-Instruct,25,Number Formatting,Large Integer,25_Q3,period_separators,46,192,4.173913043478261,4.847052923909973,0.9608791084163785,1.0
Qwen/Qwen2.5-7B-Instruct,25,Number Formatting,Large Integer,25_Q4,space_separators,46,192,4.173913043478261,4.847052923909973,0.9608791084163785,0.0
meta-llama/Meta-Llama-3.1-8B-Instruct,25,Number Formatting,Large Integer,25_Q1,no_separators,24,159,6.625,4.16829583405449,0.9812539928854526,0.0
meta-llama/Meta-Llama-3.1-8B-Instruct,25,Number Formatting,Large Integer,25_Q2,comma_separators,25,160,6.4,4.243856189774723,0.9819358620970592,0.0
meta-llama/Meta-Llama-3.1-8B-Instruct,25,Number Formatting,Large Integer,25_Q3,period_separators,25,160,6.4,4.243856189774723,0.9819358620970592,0.0
meta-llama/Meta-Llama-3.1-8B-Instruct,25,Number Formatting,Large Integer,25_Q4,space_separators,25,160,6.4,4.133660689688185,0.973100571185884,0.0
Qwen/Qwen2.5-0.5B-Instruct,25,Number Formatting,Large Integer,25_Q1,no_separators,45,191,4.2444444444444445,4.861530252405224,0.9637490920363522,0.0
Qwen/Qwen2.5-0.5B-Instruct,25,Number Formatting,Large Integer,25_Q2,comma_separators,46,192,4.173913043478261,4.863463521783092,0.9641323430932925,0.0
Qwen/Qwen2.5-0.5B-Instruct,25,Number Formatting,Large Integer,25_Q3,period_separators,46,192,4.173913043478261,4.847052923909973,0.9608791084163785,0.0
Qwen/Qwen2.5-0.5B-Instruct,25,Number Formatting,Large Integer,25_Q4,space_separators,46,192,4.173913043478261,4.847052923909973,0.9608791084163785,0.0
Qwen/Qwen2.5-7B-Instruct,26,Number Formatting,Scientific Notation,26_Q1,no_separators,50,183,3.66,4.256174630069641,0.8853464533149028,1.0
Qwen/Qwen2.5-7B-Instruct,26,Number Formatting,Scientific Notation,26_Q2,comma_separators,54,187,3.462962962962963,4.255003826984008,0.8851029091820866,1.0
Qwen/Qwen2.5-7B-Instruct,26,Number Formatting,Scientific Notation,26_Q3,scientific_notation,54,189,3.5,4.734157585890066,0.9468315171780132,0.0
Qwen/Qwen2.5-7B-Instruct,26,Number Formatting,Scientific Notation,26_Q4,computer_scientific_notation,46,179,3.891304347826087,4.733028739174396,0.9553575277691797,0.0
meta-llama/Meta-Llama-3.1-8B-Instruct,26,Number Formatting,Scientific Notation,26_Q1,no_separators,24,151,6.291666666666667,4.001629167387823,0.9790007451575364,1.0
meta-llama/Meta-Llama-3.1-8B-Instruct,26,Number Formatting,Scientific Notation,26_Q2,comma_separators,28,155,5.535714285714286,3.878783493486176,0.9489464844406196,1.0
meta-llama/Meta-Llama-3.1-8B-Instruct,26,Number Formatting,Scientific Notation,26_Q3,scientific_notation,34,157,4.617647058823529,4.322756958897398,0.969351551626289,0.0
meta-llama/Meta-Llama-3.1-8B-Instruct,26,Number Formatting,Scientific Notation,26_Q4,computer_scientific_notation,28,147,5.25,4.235926350629034,0.9801010700848855,0.0
Qwen/Qwen2.5-0.5B-Instruct,26,Number Formatting,Scientific Notation,26_Q1,no_separators,50,183,3.66,4.256174630069641,0.8853464533149028,1.0
Qwen/Qwen2.5-0.5B-Instruct,26,Number Formatting,Scientific Notation,26_Q2,comma_separators,54,187,3.462962962962963,4.255003826984008,0.8851029091820866,1.0
Qwen/Qwen2.5-0.5B-Instruct,26,Number Formatting,Scientific Notation,26_Q3,scientific_notation,54,189,3.5,4.734157585890066,0.9468315171780132,0.0
Qwen/Qwen2.5-0.5B-Instruct,26,Number Formatting,Scientific Notation,26_Q4,computer_scientific_notation,46,179,3.891304347826087,4.733028739174396,0.9553575277691797,0.0
Qwen/Qwen2.5-7B-Instruct,27,Number Formatting,Decimal Separator,27_Q1,period_decimal,44,180,4.090909090909091,4.75217217593812,0.9592216129939795,0.0
Qwen/Qwen2.5-7B-Instruct,27,Number Formatting,Decimal Separator,27_Q2,comma_decimal,44,180,4.090909090909091,4.769328710078198,0.9626846437390688,0.0
Qwen/Qwen2.5-7B-Instruct,27,Number Formatting,Decimal Separator,27_Q3,middle_dot_decimal,44,180,4.090909090909091,4.814783255532744,0.9629566511065487,0.0
Qwen/Qwen2.5-7B-Instruct,27,Number Formatting,Decimal Separator,27_Q4,space_decimal,44,180,4.090909090909091,4.75217217593812,0.9592216129939795,0.0
meta-llama/Meta-Llama-3.1-8B-Instruct,27,Number Formatting,Decimal Separator,27_Q1,period_decimal,23,148,6.434782608695652,4.088779347361362,0.9805402605435629,0.0
meta-llama/Meta-Llama-3.1-8B-Instruct,27,Number Formatting,Decimal Separator,27_Q2,comma_decimal,23,148,6.434782608695652,4.088779347361362,0.9805402605435629,0.0
meta-llama/Meta-Llama-3.1-8B-Instruct,27,Number Formatting,Decimal Separator,27_Q3,middle_dot_decimal,23,148,6.434782608695652,4.088779347361362,0.9805402605435629,0.0
meta-llama/Meta-Llama-3.1-8B-Instruct,27,Number Formatting,Decimal Separator,27_Q4,space_decimal,23,148,6.434782608695652,3.969001629875993,0.9710184004172845,0.0
Qwen/Qwen2.5-0.5B-Instruct,27,Number Formatting,Decimal Separator,27_Q1,period_decimal,44,180,4.090909090909091,4.75217217593812,0.9592216129939795,0.0
Qwen/Qwen2.5-0.5B-Instruct,27,Number Formatting,Decimal Separator,27_Q2,comma_decimal,44,180,4.090909090909091,4.769328710078198,0.9626846437390688,0.0
Qwen/Qwen2.5-0.5B-Instruct,27,Number Formatting,Decimal Separator,27_Q3,middle_dot_decimal,44,180,4.090909090909091,4.814783255532744,0.9629566511065487,0.0
Qwen/Qwen2.5-0.5B-Instruct,27,Number Formatting,Decimal Separator,27_Q4,space_decimal,44,180,4.090909090909091,4.75217217593812,0.9592216129939795,0.0
Qwen/Qwen2.5-7B-Instruct,28,Mathematical Expressions,Quadratic Formula,28_Q1,standard_notation,46,207,4.5,4.993898304391787,0.9659517890488901,0.0
Qwen/Qwen2.5-7B-Instruct,28,Mathematical Expressions,Quadratic Formula,28_Q2,caret_notation,47,208,4.425531914893617,5.036194639409547,0.9667414766849562,0.0
Qwen/Qwen2.5-7B-Instruct,28,Mathematical Expressions,Quadratic Formula,28_Q3,multiplication_notation,48,210,4.375,4.93664134491358,0.9624427680447774,0.0
Qwen/Qwen2.5-7B-Instruct,28,Mathematical Expressions,Quadratic Formula,28_Q4,python_power_notation,47,209,4.446808510638298,5.036194639409547,0.9667414766849562,0.0
Qwen/Qwen2.5-7B-Instruct,28,Mathematical Expressions,Quadratic Formula,28_Q5,markdown_math,49,210,4.285714285714286,5.117474579286631,0.9682280302194737,0.0
Qwen/Qwen2.5-7B-Instruct,28,Mathematical Expressions,Quadratic Formula,28_Q6,latex_environment,58,238,4.103448275862069,5.334454650703428,0.971339647498685,0.0
meta-llama/Meta-Llama-3.1-8B-Instruct,28,Mathematical Expressions,Quadratic Formula,28_Q1,standard_notation,28,175,6.25,4.450212064914748,0.9837849261588978,0.0
meta-llama/Meta-Llama-3.1-8B-Instruct,28,Mathematical Expressions,Quadratic Formula,28_Q2,caret_notation,29,176,6.068965517241379,4.513153408920675,0.984338128874732,0.0
meta-llama/Meta-Llama-3.1-8B-Instruct,28,Mathematical Expressions,Quadratic Formula,28_Q3,multiplication_notation,30,178,5.933333333333334,4.415061012203069,0.9760142682010441,0.0
meta-llama/Meta-Llama-3.1-8B-Instruct,28,Mathematical Expressions,Quadratic Formula,28_Q4,python_power_notation,29,177,6.103448275862069,4.513153408920675,0.984338128874732,0.0
meta-llama/Meta-Llama-3.1-8B-Instruct,28,Mathematical Expressions,Quadratic Formula,28_Q5,markdown_math,31,178,5.741935483870968,4.631615665225586,0.985357954352678,0.0
meta-llama/Meta-Llama-3.1-8B-Instruct,28,Mathematical Expressions,Quadratic Formula,28_Q6,latex_environment,40,206,5.15,4.921928094887363,0.9843856189774727,0.0
Qwen/Qwen2.5-0.5B-Instruct,28,Mathematical Expressions,Quadratic Formula,28_Q1,standard_notation,46,207,4.5,4.993898304391787,0.9659517890488901,0.0
Qwen/Qwen2.5-0.5B-Instruct,28,Mathematical Expressions,Quadratic Formula,28_Q2,caret_notation,47,208,4.425531914893617,5.036194639409547,0.9667414766849562,0.0
Qwen/Qwen2.5-0.5B-Instruct,28,Mathematical Expressions,Quadratic Formula,28_Q3,multiplication_notation,48,210,4.375,4.93664134491358,0.9624427680447774,0.0
Qwen/Qwen2.5-0.5B-Instruct,28,Mathematical Expressions,Quadratic Formula,28_Q4,python_power_notation,47,209,4.446808510638298,5.036194639409547,0.9667414766849562,0.0
Qwen/Qwen2.5-0.5B-Instruct,28,Mathematical Expressions,Quadratic Formula,28_Q5,markdown_math,49,210,4.285714285714286,5.117474579286631,0.9682280302194737,0.0
Qwen/Qwen2.5-0.5B-Instruct,28,Mathematical Expressions,Quadratic Formula,28_Q6,latex_environment,58,238,4.103448275862069,5.334454650703428,0.971339647498685,0.0
Qwen/Qwen2.5-7B-Instruct,29,Mathematical Expressions,Derivative Formula,29_Q1,standard_notation,37,181,4.891891891891892,4.605006663558674,0.9579086084178028,1.0
Qwen/Qwen2.5-7B-Instruct,29,Mathematical Expressions,Derivative Formula,29_Q2,calculus_notation,37,168,4.54054054054054,4.605006663558674,0.9579086084178028,1.0
Qwen/Qwen2.5-7B-Instruct,29,Mathematical Expressions,Derivative Formula,29_Q3,prime_notation,35,164,4.685714285714286,4.490296503327814,0.9552928603674583,1.0
Qwen/Qwen2.5-7B-Instruct,29,Mathematical Expressions,Derivative Formula,29_Q4,no_parentheses,37,180,4.864864864864865,4.605006663558674,0.9579086084178028,1.0
Qwen/Qwen2.5-7B-Instruct,29,Mathematical Expressions,Derivative Formula,29_Q5,latex_notation,41,176,4.2926829268292686,4.81207571250588,0.962415142501176,1.0
Qwen/Qwen2.5-7B-Instruct,29,Mathematical Expressions,Derivative Formula,29_Q6,inline_latex,42,178,4.238095238095238,4.859828661431136,0.9634117688744768,1.0
meta-llama/Meta-Llama-3.1-8B-Instruct,29,Mathematical Expressions,Derivative Formula,29_Q1,standard_notation,19,149,7.842105263157895,3.8268748818646365,0.9795193359563683,1.0
meta-llama/Meta-Llama-3.1-8B-Instruct,29,Mathematical Expressions,Derivative Formula,29_Q2,calculus_notation,19,136,7.157894736842105,3.8268748818646365,0.9795193359563683,0.0
meta-llama/Meta-Llama-3.1-8B-Instruct,29,Mathematical Expressions,Derivative Formula,29_Q3,prime_notation,17,132,7.764705882352941,3.6168746059562227,0.977417518308649,0.0
meta-llama/Meta-Llama-3.1-8B-Instruct,29,Mathematical Expressions,Derivative Formula,29_Q4,no_parentheses,19,148,7.7894736842105265,3.8268748818646365,0.9795193359563683,1.0
meta-llama/Meta-Llama-3.1-8B-Instruct,29,Mathematical Expressions,Derivative Formula,29_Q5,latex_notation,23,144,6.260869565217392,4.1757358691004915,0.9830054434510415,1.0
meta-llama/Meta-Llama-3.1-8B-Instruct,29,Mathematical Expressions,Derivative Formula,29_Q6,inline_latex,24,146,6.083333333333333,4.251629167387823,0.9837343597681091,0.0
Qwen/Qwen2.5-0.5B-Instruct,29,Mathematical Expressions,Derivative Formula,29_Q1,standard_notation,37,181,4.891891891891892,4.605006663558674,0.9579086084178028,1.0
Qwen/Qwen2.5-0.5B-Instruct,29,Mathematical Expressions,Derivative Formula,29_Q2,calculus_notation,37,168,4.54054054054054,4.605006663558674,0.9579086084178028,0.0
Qwen/Qwen2.5-0.5B-Instruct,29,Mathematical Expressions,Derivative Formula,29_Q3,prime_notation,35,164,4.685714285714286,4.490296503327814,0.9552928603674583,0.0
Qwen/Qwen2.5-0.5B-Instruct,29,Mathematical Expressions,Derivative Formula,29_Q4,no_parentheses,37,180,4.864864864864865,4.605006663558674,0.9579086084178028,1.0
Qwen/Qwen2.5-0.5B-Instruct,29,Mathematical Expressions,Derivative Formula,29_Q5,latex_notation,41,176,4.2926829268292686,4.81207571250588,0.962415142501176,0.0
Qwen/Qwen2.5-0.5B-Instruct,29,Mathematical Expressions,Derivative Formula,29_Q6,inline_latex,42,178,4.238095238095238,4.859828661431136,0.9634117688744768,0.0
Qwen/Qwen2.5-7B-Instruct,3,Rare Character Sequences,Long Medical Term,3_Q1,original,52,220,4.230769230769231,5.270352641668012,0.9712671386151991,1.0
Qwen/Qwen2.5-7B-Instruct,3,Rare Character Sequences,Long Medical Term,3_Q2,split_components,46,225,4.891304347826087,5.0373765652613525,0.9669683576586116,0.0
Qwen/Qwen2.5-7B-Instruct,3,Rare Character Sequences,Long Medical Term,3_Q3,simplified,40,189,4.725,4.7628148954723555,0.9613698362107144,1.0
meta-llama/Meta-Llama-3.1-8B-Instruct,3,Rare Character Sequences,Long Medical Term,3_Q1,original,32,188,5.875,4.75,0.98806933896342,0.0
meta-llama/Meta-Llama-3.1-8B-Instruct,3,Rare Character Sequences,Long Medical Term,3_Q2,split_components,27,193,7.148148148148148,4.458591205867174,0.9856372586866322,0.0
meta-llama/Meta-Llama-3.1-8B-Instruct,3,Rare Character Sequences,Long Medical Term,3_Q3,simplified,22,157,7.136363636363637,4.095795255000932,0.9822227626598226,1.0
Qwen/Qwen2.5-0.5B-Instruct,3,Rare Character Sequences,Long Medical Term,3_Q1,original,52,220,4.230769230769231,5.270352641668012,0.9712671386151991,0.0
Qwen/Qwen2.5-0.5B-Instruct,3,Rare Character Sequences,Long Medical Term,3_Q2,split_components,46,225,4.891304347826087,5.0373765652613525,0.9669683576586116,1.0
Qwen/Qwen2.5-0.5B-Instruct,3,Rare Character Sequences,Long Medical Term,3_Q3,simplified,40,189,4.725,4.7628148954723555,0.9613698362107144,1.0
Qwen/Qwen2.5-7B-Instruct,30,Number Formatting,IP Address,30_Q1,standard_ip,49,192,3.9183673469387754,4.798910487971595,0.943281678454908,1.0
Qwen/Qwen2.5-7B-Instruct,30,Number Formatting,IP Address,30_Q2,space_separated_ip,49,192,3.9183673469387754,4.831760293572346,0.9497386898623226,1.0
Qwen/Qwen2.5-7B-Instruct,30,Number Formatting,IP Address,30_Q3,hyphen_separated_ip,49,192,3.9183673469387754,4.897987079242479,0.9549067702175169,1.0
Qwen/Qwen2.5-7B-Instruct,30,Number Formatting,IP Address,30_Q4,comma_separated_ip,49,192,3.9183673469387754,4.831760293572346,0.9497386898623226,1.0
meta-llama/Meta-Llama-3.1-8B-Instruct,30,Number Formatting,IP Address,30_Q1,standard_ip,27,160,5.925925925925926,4.208410187268527,0.9737344293735192,1.0
meta-llama/Meta-Llama-3.1-8B-Instruct,30,Number Formatting,IP Address,30_Q2,space_separated_ip,27,160,5.925925925925926,4.088220835496803,0.9624036244871523,1.0
meta-llama/Meta-Llama-3.1-8B-Instruct,30,Number Formatting,IP Address,30_Q3,hyphen_separated_ip,27,160,5.925925925925926,4.208410187268527,0.9737344293735192,1.0
meta-llama/Meta-Llama-3.1-8B-Instruct,30,Number Formatting,IP Address,30_Q4,comma_separated_ip,27,160,5.925925925925926,4.208410187268527,0.9737344293735192,1.0
Qwen/Qwen2.5-0.5B-Instruct,30,Number Formatting,IP Address,30_Q1,standard_ip,49,192,3.9183673469387754,4.798910487971595,0.943281678454908,1.0
Qwen/Qwen2.5-0.5B-Instruct,30,Number Formatting,IP Address,30_Q2,space_separated_ip,49,192,3.9183673469387754,4.831760293572346,0.9497386898623226,1.0
Qwen/Qwen2.5-0.5B-Instruct,30,Number Formatting,IP Address,30_Q3,hyphen_separated_ip,49,192,3.9183673469387754,4.897987079242479,0.9549067702175169,1.0
Qwen/Qwen2.5-0.5B-Instruct,30,Number Formatting,IP Address,30_Q4,comma_separated_ip,49,192,3.9183673469387754,4.831760293572346,0.9497386898623226,1.0
Qwen/Qwen2.5-7B-Instruct,31,Number Formatting,Financial Values,31_Q1,no_separators,57,230,4.035087719298246,5.028077681166017,0.9513141049553605,0.0
Qwen/Qwen2.5-7B-Instruct,31,Number Formatting,Financial Values,31_Q2,comma_separators,59,232,3.9322033898305087,5.003417575108835,0.9466484040236176,0.0
Qwen/Qwen2.5-7B-Instruct,31,Number Formatting,Financial Values,31_Q3,european_separators,59,232,3.9322033898305087,5.003417575108835,0.9466484040236176,0.0
Qwen/Qwen2.5-7B-Instruct,31,Number Formatting,Financial Values,31_Q4,abbreviated_notation,52,225,4.326923076923077,5.116506487821858,0.9680448669662934,0.0
meta-llama/Meta-Llama-3.1-8B-Instruct,31,Number Formatting,Financial Values,31_Q1,no_separators,35,198,5.6571428571428575,4.786425874087821,0.9852706049876443,0.0
meta-llama/Meta-Llama-3.1-8B-Instruct,31,Number Formatting,Financial Values,31_Q2,comma_separators,37,200,5.405405405405405,4.648510460165075,0.977627853035431,0.0
meta-llama/Meta-Llama-3.1-8B-Instruct,31,Number Formatting,Financial Values,31_Q3,european_separators,37,200,5.405405405405405,4.722966879142466,0.9824460552042996,0.0
meta-llama/Meta-Llama-3.1-8B-Instruct,31,Number Formatting,Financial Values,31_Q4,abbreviated_notation,34,193,5.676470588235294,4.675698135367986,0.9833456907740822,0.0
Qwen/Qwen2.5-0.5B-Instruct,31,Number Formatting,Financial Values,31_Q1,no_separators,57,230,4.035087719298246,5.028077681166017,0.9513141049553605,0.0
Qwen/Qwen2.5-0.5B-Instruct,31,Number Formatting,Financial Values,31_Q2,comma_separators,59,232,3.9322033898305087,5.003417575108835,0.9466484040236176,0.0
Qwen/Qwen2.5-0.5B-Instruct,31,Number Formatting,Financial Values,31_Q3,european_separators,59,232,3.9322033898305087,5.003417575108835,0.9466484040236176,0.0
Qwen/Qwen2.5-0.5B-Instruct,31,Number Formatting,Financial Values,31_Q4,abbreviated_notation,52,225,4.326923076923077,5.116506487821858,0.9680448669662934,0.0
Qwen/Qwen2.5-7B-Instruct,32,Mathematical Expressions,Fraction Notation,32_Q1,slash_notation,44,185,4.204545454545454,4.814783255532744,0.9629566511065487,0.0
Qwen/Qwen2.5-7B-Instruct,32,Mathematical Expressions,Fraction Notation,32_Q2,unicode_fraction,41,181,4.414634146341464,4.763295224701003,0.9614667902267756,0.0
Qwen/Qwen2.5-7B-Instruct,32,Mathematical Expressions,Fraction Notation,32_Q3,division_symbol,44,185,4.204545454545454,4.814783255532744,0.9629566511065487,0.0
Qwen/Qwen2.5-7B-Instruct,32,Mathematical Expressions,Fraction Notation,32_Q4,parentheses_fraction,46,189,4.108695652173913,4.863463521783092,0.9641323430932925,0.0
meta-llama/Meta-Llama-3.1-8B-Instruct,32,Mathematical Expressions,Fraction Notation,32_Q1,slash_notation,26,153,5.884615384615385,4.1619781796795525,0.9797667607340226,0.0
meta-llama/Meta-Llama-3.1-8B-Instruct,32,Mathematical Expressions,Fraction Notation,32_Q2,unicode_fraction,23,149,6.478260869565218,4.088779347361362,0.9805402605435629,0.0
meta-llama/Meta-Llama-3.1-8B-Instruct,32,Mathematical Expressions,Fraction Notation,32_Q3,division_symbol,26,153,5.884615384615385,4.1619781796795525,0.9797667607340226,0.0
meta-llama/Meta-Llama-3.1-8B-Instruct,32,Mathematical Expressions,Fraction Notation,32_Q4,parentheses_fraction,28,157,5.607142857142857,4.235926350629033,0.9801010700848852,0.0
Qwen/Qwen2.5-0.5B-Instruct,32,Mathematical Expressions,Fraction Notation,32_Q1,slash_notation,44,185,4.204545454545454,4.814783255532744,0.9629566511065487,0.0
Qwen/Qwen2.5-0.5B-Instruct,32,Mathematical Expressions,Fraction Notation,32_Q2,unicode_fraction,41,181,4.414634146341464,4.763295224701003,0.9614667902267756,0.0
Qwen/Qwen2.5-0.5B-Instruct,32,Mathematical Expressions,Fraction Notation,32_Q3,division_symbol,44,185,4.204545454545454,4.814783255532744,0.9629566511065487,0.0
Qwen/Qwen2.5-0.5B-Instruct,32,Mathematical Expressions,Fraction Notation,32_Q4,parentheses_fraction,46,189,4.108695652173913,4.863463521783092,0.9641323430932925,0.0
Qwen/Qwen2.5-7B-Instruct,33,Number Formatting,Hexadecimal Numbers,33_Q1,uppercase_hex,42,203,4.833333333333333,4.812209613812088,0.9624419227624175,0.0
Qwen/Qwen2.5-7B-Instruct,33,Number Formatting,Hexadecimal Numbers,33_Q2,lowercase_hex,42,203,4.833333333333333,4.812209613812088,0.9624419227624175,0.0
Qwen/Qwen2.5-7B-Instruct,33,Number Formatting,Hexadecimal Numbers,33_Q3,c_style_hex,44,205,4.659090909090909,4.905692346441835,0.9642708948486727,0.0
Qwen/Qwen2.5-7B-Instruct,33,Number Formatting,Hexadecimal Numbers,33_Q4,web_color_hex,42,204,4.857142857142857,4.812209613812088,0.9624419227624175,0.0
meta-llama/Meta-Llama-3.1-8B-Instruct,33,Number Formatting,Hexadecimal Numbers,33_Q1,uppercase_hex,24,171,7.125,4.16829583405449,0.9812539928854526,0.0
meta-llama/Meta-Llama-3.1-8B-Instruct,33,Number Formatting,Hexadecimal Numbers,33_Q2,lowercase_hex,24,171,7.125,4.16829583405449,0.9812539928854526,0.0
meta-llama/Meta-Llama-3.1-8B-Instruct,33,Number Formatting,Hexadecimal Numbers,33_Q3,c_style_hex,26,173,6.653846153846154,4.315824333525706,0.9825847993461587,0.0
meta-llama/Meta-Llama-3.1-8B-Instruct,33,Number Formatting,Hexadecimal Numbers,33_Q4,web_color_hex,24,172,7.166666666666667,4.16829583405449,0.9812539928854526,0.0
Qwen/Qwen2.5-0.5B-Instruct,33,Number Formatting,Hexadecimal Numbers,33_Q1,uppercase_hex,42,203,4.833333333333333,4.812209613812088,0.9624419227624175,1.0
Qwen/Qwen2.5-0.5B-Instruct,33,Number Formatting,Hexadecimal Numbers,33_Q2,lowercase_hex,42,203,4.833333333333333,4.812209613812088,0.9624419227624175,1.0
Qwen/Qwen2.5-0.5B-Instruct,33,Number Formatting,Hexadecimal Numbers,33_Q3,c_style_hex,44,205,4.659090909090909,4.905692346441835,0.9642708948486727,0.0
Qwen/Qwen2.5-0.5B-Instruct,33,Number Formatting,Hexadecimal Numbers,33_Q4,web_color_hex,42,204,4.857142857142857,4.812209613812088,0.9624419227624175,0.0
Qwen/Qwen2.5-7B-Instruct,34,Mathematical Expressions,Matrix Notation,34_Q1,bracket_notation,49,203,4.142857142857143,4.9796197323037035,0.9631899362011022,0.0
Qwen/Qwen2.5-7B-Instruct,34,Mathematical Expressions,Matrix Notation,34_Q2,latex_notation,59,231,3.9152542372881354,5.164600202300816,0.963985080844582,0.0
Qwen/Qwen2.5-7B-Instruct,34,Mathematical Expressions,Matrix Notation,34_Q3,pipe_notation,49,202,4.122448979591836,4.790943967041733,0.9497560764841757,0.0
Qwen/Qwen2.5-7B-Instruct,34,Mathematical Expressions,Matrix Notation,34_Q4,subscript_notation,66,230,3.484848484848485,4.78325331057244,0.9252074854544315,0.0
meta-llama/Meta-Llama-3.1-8B-Instruct,34,Mathematical Expressions,Matrix Notation,34_Q1,bracket_notation,31,171,5.516129032258065,4.50258340716107,0.9820327661246675,0.0
meta-llama/Meta-Llama-3.1-8B-Instruct,34,Mathematical Expressions,Matrix Notation,34_Q2,latex_notation,41,199,4.853658536585366,4.67462517534979,0.972390275138869,0.0
meta-llama/Meta-Llama-3.1-8B-Instruct,34,Mathematical Expressions,Matrix Notation,34_Q3,pipe_notation,31,170,5.483870967741935,4.11548663296752,0.9522339434188983,0.0
meta-llama/Meta-Llama-3.1-8B-Instruct,34,Mathematical Expressions,Matrix Notation,34_Q4,subscript_notation,44,198,4.5,4.652391277629866,0.9576800078666617,0.0
Qwen/Qwen2.5-0.5B-Instruct,34,Mathematical Expressions,Matrix Notation,34_Q1,bracket_notation,49,203,4.142857142857143,4.9796197323037035,0.9631899362011022,0.0
Qwen/Qwen2.5-0.5B-Instruct,34,Mathematical Expressions,Matrix Notation,34_Q2,latex_notation,59,231,3.9152542372881354,5.164600202300816,0.963985080844582,0.0
Qwen/Qwen2.5-0.5B-Instruct,34,Mathematical Expressions,Matrix Notation,34_Q3,pipe_notation,49,202,4.122448979591836,4.790943967041733,0.9497560764841757,0.0
Qwen/Qwen2.5-0.5B-Instruct,34,Mathematical Expressions,Matrix Notation,34_Q4,subscript_notation,66,230,3.484848484848485,4.78325331057244,0.9252074854544315,0.0
Qwen/Qwen2.5-7B-Instruct,4,Rare Character Sequences,Māori Hill,4_Q1,original,69,262,3.7971014492753623,5.570561913607676,0.9725278061726291,1.0
Qwen/Qwen2.5-7B-Instruct,4,Rare Character Sequences,Māori Hill,4_Q2,partial,50,217,4.34,5.15656563024272,0.9689280911548763,1.0
Qwen/Qwen2.5-7B-Instruct,4,Rare Character Sequences,Māori Hill,4_Q3,simplified,39,189,4.846153846153846,4.711952783564804,0.960272639414831,1.0
meta-llama/Meta-Llama-3.1-8B-Instruct,4,Rare Character Sequences,Māori Hill,4_Q1,original,50,230,4.6,5.243856189774728,0.9853301465708195,0.0
meta-llama/Meta-Llama-3.1-8B-Instruct,4,Rare Character Sequences,Māori Hill,4_Q2,partial,31,185,5.967741935483871,4.631615665225586,0.985357954352678,0.0
meta-llama/Meta-Llama-3.1-8B-Instruct,4,Rare Character Sequences,Māori Hill,4_Q3,simplified,21,157,7.476190476190476,4.011365041826378,0.981382632116924,1.0
Qwen/Qwen2.5-0.5B-Instruct,4,Rare Character Sequences,Māori Hill,4_Q1,original,69,262,3.7971014492753623,5.570561913607676,0.9725278061726291,1.0
Qwen/Qwen2.5-0.5B-Instruct,4,Rare Character Sequences,Māori Hill,4_Q2,partial,50,217,4.34,5.15656563024272,0.9689280911548763,1.0
Qwen/Qwen2.5-0.5B-Instruct,4,Rare Character Sequences,Māori Hill,4_Q3,simplified,39,189,4.846153846153846,4.711952783564804,0.960272639414831,1.0
Qwen/Qwen2.5-7B-Instruct,5,Rare Character Sequences,Russian Greeting,5_Q1,original_cyrillic,43,202,4.6976744186046515,4.8596478250137185,0.9633759198878317,1.0
Qwen/Qwen2.5-7B-Instruct,5,Rare Character Sequences,Russian Greeting,5_Q2,transliterated,42,202,4.809523809523809,4.8122096138120884,0.9624419227624177,1.0
Qwen/Qwen2.5-7B-Instruct,5,Rare Character Sequences,Russian Greeting,5_Q3,no_punctuation,42,201,4.785714285714286,4.859828661431136,0.9634117688744768,1.0
meta-llama/Meta-Llama-3.1-8B-Instruct,5,Rare Character Sequences,Russian Greeting,5_Q1,original_cyrillic,25,170,6.8,4.323856189774722,0.9844134140558706,0.0
meta-llama/Meta-Llama-3.1-8B-Instruct,5,Rare Character Sequences,Russian Greeting,5_Q2,transliterated,24,170,7.083333333333333,4.251629167387823,0.9837343597681091,0.0
meta-llama/Meta-Llama-3.1-8B-Instruct,5,Rare Character Sequences,Russian Greeting,5_Q3,no_punctuation,24,169,7.041666666666667,4.251629167387823,0.9837343597681091,1.0
Qwen/Qwen2.5-0.5B-Instruct,5,Rare Character Sequences,Russian Greeting,5_Q1,original_cyrillic,43,202,4.6976744186046515,4.8596478250137185,0.9633759198878317,0.0
Qwen/Qwen2.5-0.5B-Instruct,5,Rare Character Sequences,Russian Greeting,5_Q2,transliterated,42,202,4.809523809523809,4.8122096138120884,0.9624419227624177,0.0
Qwen/Qwen2.5-0.5B-Instruct,5,Rare Character Sequences,Russian Greeting,5_Q3,no_punctuation,42,201,4.785714285714286,4.859828661431136,0.9634117688744768,0.0
Qwen/Qwen2.5-7B-Instruct,6,Compound Words,Healthcare,6_Q1,single_word,43,212,4.930232558139535,4.795580673800615,0.9591161347601229,1.0
Qwen/Qwen2.5-7B-Instruct,6,Compound Words,Healthcare,6_Q2,two_words,44,213,4.840909090909091,4.843081266847211,0.960091767663696,1.0
Qwen/Qwen2.5-7B-Instruct,6,Compound Words,Healthcare,6_Q3,hyphenated,44,213,4.840909090909091,4.843081266847211,0.960091767663696,1.0
meta-llama/Meta-Llama-3.1-8B-Instruct,6,Compound Words,Healthcare,6_Q1,single_word,25,180,7.2,4.243856189774723,0.9819358620970592,1.0
meta-llama/Meta-Llama-3.1-8B-Instruct,6,Compound Words,Healthcare,6_Q2,two_words,26,181,6.961538461538462,4.315824333525706,0.9825847993461587,1.0
meta-llama/Meta-Llama-3.1-8B-Instruct,6,Compound Words,Healthcare,6_Q3,hyphenated,26,181,6.961538461538462,4.315824333525706,0.9825847993461587,1.0
Qwen/Qwen2.5-0.5B-Instruct,6,Compound Words,Healthcare,6_Q1,single_word,43,212,4.930232558139535,4.795580673800615,0.9591161347601229,0.0
Qwen/Qwen2.5-0.5B-Instruct,6,Compound Words,Healthcare,6_Q2,two_words,44,213,4.840909090909091,4.843081266847211,0.960091767663696,0.0
Qwen/Qwen2.5-0.5B-Instruct,6,Compound Words,Healthcare,6_Q3,hyphenated,44,213,4.840909090909091,4.843081266847211,0.960091767663696,0.0
Qwen/Qwen2.5-7B-Instruct,7,Compound Words,Database,7_Q1,single_word,44,214,4.863636363636363,4.8602378009872895,0.9634928766441063,1.0
Qwen/Qwen2.5-7B-Instruct,7,Compound Words,Database,7_Q2,two_words,45,215,4.777777777777778,4.905974696849667,0.9643263941056978,1.0
Qwen/Qwen2.5-7B-Instruct,7,Compound Words,Database,7_Q3,hyphenated,45,215,4.777777777777778,4.905974696849667,0.9643263941056978,1.0
meta-llama/Meta-Llama-3.1-8B-Instruct,7,Compound Words,Database,7_Q1,single_word,26,182,7.0,4.3927474104487825,0.9850464781408865,1.0
meta-llama/Meta-Llama-3.1-8B-Instruct,7,Compound Words,Database,7_Q2,two_words,27,183,6.777777777777778,4.458591205867174,0.9856372586866322,1.0
meta-llama/Meta-Llama-3.1-8B-Instruct,7,Compound Words,Database,7_Q3,hyphenated,27,183,6.777777777777778,4.458591205867174,0.9856372586866322,1.0
Qwen/Qwen2.5-0.5B-Instruct,7,Compound Words,Database,7_Q1,single_word,44,214,4.863636363636363,4.8602378009872895,0.9634928766441063,1.0
Qwen/Qwen2.5-0.5B-Instruct,7,Compound Words,Database,7_Q2,two_words,45,215,4.777777777777778,4.905974696849667,0.9643263941056978,0.0
Qwen/Qwen2.5-0.5B-Instruct,7,Compound Words,Database,7_Q3,hyphenated,45,215,4.777777777777778,4.905974696849667,0.9643263941056978,1.0
Qwen/Qwen2.5-7B-Instruct,8,Compound Words,Cryptocurrency,8_Q1,single_word,37,202,5.45945945945946,4.605006663558674,0.9579086084178028,1.0
Qwen/Qwen2.5-7B-Instruct,8,Compound Words,Cryptocurrency,8_Q2,two_words,38,203,5.342105263157895,4.659387303533053,0.9591201176386438,1.0
Qwen/Qwen2.5-7B-Instruct,8,Compound Words,Cryptocurrency,8_Q3,hyphenated,39,203,5.205128205128205,4.711952783564804,0.960272639414831,1.0
meta-llama/Meta-Llama-3.1-8B-Instruct,8,Compound Words,Cryptocurrency,8_Q1,single_word,19,170,8.947368421052632,3.8268748818646365,0.9795193359563683,1.0
meta-llama/Meta-Llama-3.1-8B-Instruct,8,Compound Words,Cryptocurrency,8_Q2,two_words,20,171,8.55,3.9219280948873623,0.9804820237218406,1.0
meta-llama/Meta-Llama-3.1-8B-Instruct,8,Compound Words,Cryptocurrency,8_Q3,hyphenated,21,171,8.142857142857142,4.011365041826378,0.981382632116924,1.0
Qwen/Qwen2.5-0.5B-Instruct,8,Compound Words,Cryptocurrency,8_Q1,single_word,37,202,5.45945945945946,4.605006663558674,0.9579086084178028,1.0
Qwen/Qwen2.5-0.5B-Instruct,8,Compound Words,Cryptocurrency,8_Q2,two_words,38,203,5.342105263157895,4.659387303533053,0.9591201176386438,1.0
Qwen/Qwen2.5-0.5B-Instruct,8,Compound Words,Cryptocurrency,8_Q3,hyphenated,39,203,5.205128205128205,4.711952783564804,0.960272639414831,1.0
Qwen/Qwen2.5-7B-Instruct,9,Compound Words,Socioeconomic,9_Q1,single_word,42,233,5.5476190476190474,4.746617054236768,0.9581003167527091,1.0
Qwen/Qwen2.5-7B-Instruct,9,Compound Words,Socioeconomic,9_Q2,two_words,43,234,5.441860465116279,4.749069045893638,0.9585952490289553,1.0
Qwen/Qwen2.5-7B-Instruct,9,Compound Words,Socioeconomic,9_Q3,hyphenated,43,234,5.441860465116279,4.795580673800615,0.9591161347601229,1.0
meta-llama/Meta-Llama-3.1-8B-Instruct,9,Compound Words,Socioeconomic,9_Q1,single_word,24,201,8.375,4.16829583405449,0.9812539928854526,0.0
meta-llama/Meta-Llama-3.1-8B-Instruct,9,Compound Words,Socioeconomic,9_Q2,two_words,25,202,8.08,4.163856189774723,0.9802088610498182,0.0
meta-llama/Meta-Llama-3.1-8B-Instruct,9,Compound Words,Socioeconomic,9_Q3,hyphenated,25,202,8.08,4.243856189774723,0.9819358620970592,0.0
Qwen/Qwen2.5-0.5B-Instruct,9,Compound Words,Socioeconomic,9_Q1,single_word,42,233,5.5476190476190474,4.746617054236768,0.9581003167527091,0.0
Qwen/Qwen2.5-0.5B-Instruct,9,Compound Words,Socioeconomic,9_Q2,two_words,43,234,5.441860465116279,4.749069045893638,0.9585952490289553,0.0
Qwen/Qwen2.5-0.5B-Instruct,9,Compound Words,Socioeconomic,9_Q3,hyphenated,43,234,5.441860465116279,4.795580673800615,0.9591161347601229,0.0
